City_ID,City,Country,Date,Lat,Lng,MaxTemp,Humidity,Cloudiness,Wind Speed
0,Vaini,TO,7/28/2020 4:58,-21.2,-175.2,73.4,78,75,12.75
1,Namibe,AO,7/28/2020 4:58,-15.2,12.15,63.37,79,0,4.88
2,Upernavik,GL,7/28/2020 4:58,72.79,-56.15,43.68,88,97,3.04
3,Ushuaia,AR,7/28/2020 4:58,-54.8,-68.3,32,91,20,25.28
4,Caruray,PH,7/28/2020 4:58,10.31,119.01,82.83,75,97,3.74
5,Mirabad,AF,7/28/2020 4:58,30.44,61.84,96.6,10,0,15.35
6,Mataura,NZ,7/28/2020 4:58,-46.19,168.86,48,84,100,2.46
7,Lebu,CL,7/28/2020 4:58,-37.62,-73.65,43.45,77,0,12.08
8,Bonavista,CA,7/28/2020 4:58,48.65,-53.11,54.86,91,90,6.93
9,Puerto Leguizamo,CO,7/28/2020 4:58,-0.19,-74.78,70.65,91,25,0.49
10,Madimba,TZ,7/28/2020 4:58,-10.4,40.33,68,88,20,17.22
11,Hermanus,ZA,7/28/2020 4:58,-34.42,19.23,44.01,95,6,6.96
12,Esso,RU,7/28/2020 4:58,55.93,158.7,71.92,35,0,10.92
13,Geraldton,AU,7/28/2020 4:58,-28.77,114.6,68,64,40,9.17
14,Cayenne,GF,7/28/2020 4:57,4.93,-52.33,75.2,100,92,6.85
15,Golden,US,7/28/2020 4:58,39.76,-105.22,73,67,81,3.4
16,Buzovna,AZ,7/28/2020 4:58,40.52,50.11,84.2,62,0,23.04
17,Lorengau,PG,7/28/2020 4:58,-2.02,147.27,83.1,74,56,0.83
18,Akyab,MM,7/28/2020 4:58,20.15,92.9,85.69,73,99,6.46
19,Talcahuano,CL,7/28/2020 4:58,-36.72,-73.12,42.8,75,0,8.05
20,Axim,GH,7/28/2020 4:58,4.87,-2.24,74.37,86,97,10.54
21,Ontario,US,7/28/2020 4:56,34.06,-117.65,71.6,56,20,5.82
22,Cape Town,ZA,7/28/2020 4:58,-33.93,18.42,57.99,93,9,14.99
23,Bluff,NZ,7/28/2020 4:58,-46.6,168.33,48,84,100,3.8
24,Faanui,PF,7/28/2020 4:58,-16.48,-151.75,78.93,81,93,15.43
25,Obera,AR,7/28/2020 4:58,-27.49,-55.12,58.96,99,70,5.86
26,San Patricio,MX,7/28/2020 4:58,19.22,-104.7,78.51,80,98,3.74
27,Victoria,HK,7/28/2020 4:58,22.29,114.16,95,44,20,11.41
28,El Alto,PE,7/28/2020 4:58,-4.27,-81.21,62.82,81,0,13.44
29,Banda Aceh,ID,7/28/2020 4:58,5.56,95.32,86.23,65,100,15.75
30,Vestmannaeyjar,IS,7/28/2020 4:58,63.44,-20.27,49.57,77,16,19.17
31,Kapaa,US,7/28/2020 4:58,22.08,-159.32,80.6,74,90,18.34
32,Sri Aman,MY,7/28/2020 4:58,1.24,111.46,86,79,75,2.82
33,Las Tunas,CU,7/28/2020 4:58,20.96,-76.95,78.8,83,60,5.82
34,Hamilton,US,7/28/2020 4:58,39.18,-84.53,73.4,88,75,6.8
35,Port Alfred,ZA,7/28/2020 4:58,-33.59,26.89,57.25,49,0,7.49
36,Ponta Do Sol,PT,7/28/2020 4:58,32.67,-17.1,71.6,68,40,18.34
37,Pangnirtung,CA,7/28/2020 4:58,66.15,-65.71,54.68,53,100,3.65
38,Bocas Del Toro,PA,7/28/2020 4:58,9.33,-82.25,63,100,20,3.65
39,Pasni,PK,7/28/2020 4:58,25.26,63.47,84.99,78,4,14.41
40,Nantucket,US,7/28/2020 4:58,41.28,-70.1,73.4,94,1,11.41
41,Cherskiy,RU,7/28/2020 4:58,68.75,161.3,48.9,50,22,13.06
42,Labuhan,ID,7/28/2020 4:58,-6.88,112.21,85.68,57,93,6.08
43,Waalwijk,NL,7/28/2020 4:58,51.69,5.02,64.99,77,90,9.17
44,Rikitea,PF,7/28/2020 4:58,-23.12,-134.97,72.37,82,89,19.24
45,Shakawe,BW,7/28/2020 4:58,-18.37,21.85,41.52,63,0,5.57
46,Kahului,US,7/28/2020 4:58,20.89,-156.47,84.2,54,1,27.51
47,Puerto Ayora,EC,7/28/2020 4:58,-0.74,-90.35,66,98,91,1.01
48,Albany,US,7/28/2020 4:58,42.6,-73.97,78.01,91,40,4.43
49,Tual,ID,7/28/2020 4:58,-5.67,132.75,78.87,80,17,19.93
50,Pochutla,MX,7/28/2020 4:58,15.74,-96.47,77,91,98,2.42
51,Krasnoselkup,RU,7/28/2020 4:58,65.7,82.47,63.3,56,87,12.39
52,Alice Springs,AU,7/28/2020 4:55,-23.7,133.88,66.2,22,0,9.17
53,Wanaka,NZ,7/28/2020 4:58,-44.7,169.15,41.83,68,100,0.47
54,Atuona,PF,7/28/2020 4:58,-9.8,-139.03,80.02,71,2,25.68
55,Atambua,ID,7/28/2020 4:58,-9.11,124.89,81.54,48,100,0.63
56,Hobyo,SO,7/28/2020 4:58,5.35,48.53,82.13,67,25,22.66
57,Hilo,US,7/28/2020 4:58,19.73,-155.09,80.6,65,75,8.05
58,Ostrovnoy,RU,7/28/2020 4:58,68.05,39.51,62.49,72,9,2.84
59,Kieta,PG,7/28/2020 4:58,-6.22,155.63,84.11,68,49,2.44
60,Sao Joao Da Barra,BR,7/28/2020 4:58,-21.64,-41.05,70.27,82,0,15.68
61,Jamestown,US,7/28/2020 4:58,42.1,-79.24,73,100,90,8.05
62,Georgetown,MY,7/28/2020 4:56,5.41,100.34,89.6,62,20,11.41
63,Staryy Nadym,RU,7/28/2020 4:58,65.61,72.68,58.51,55,92,13.13
64,Hobart,AU,7/28/2020 4:57,-42.88,147.33,54,71,29,1.99
65,Kungurtug,RU,7/28/2020 4:58,50.6,97.52,74.25,34,99,1.01
66,Hokitika,NZ,7/28/2020 4:55,-42.72,170.97,52.95,67,100,3.38
67,Punta Arenas,CL,7/28/2020 4:58,-53.15,-70.92,35.6,69,70,11.41
68,Katsuura,JP,7/28/2020 4:58,35.13,140.3,86,87,100,5.99
69,Kaitangata,NZ,7/28/2020 4:58,-46.28,169.85,46,74,100,1.99
70,Upington,ZA,7/28/2020 4:58,-28.45,21.26,42.8,48,0,3.36
71,Bredasdorp,ZA,7/28/2020 4:58,-34.53,20.04,39.2,93,9,2.24
72,Sobolevo,RU,7/28/2020 4:58,54.43,31.9,66.33,91,50,7.56
73,Ribeira Grande,PT,7/28/2020 4:58,38.52,-28.7,72.81,89,5,6.51
74,Qaanaaq,GL,7/28/2020 4:58,77.48,-69.36,39,73,0,0.25
75,West Bay,KY,7/28/2020 4:58,19.37,-81.42,84,83,0,1.01
76,Pevek,RU,7/28/2020 4:58,69.7,170.31,35.2,86,0,12.77
77,Arraial Do Cabo,BR,7/28/2020 4:58,-22.97,-42.03,71.28,82,0,23.53
78,Hearst,CA,7/28/2020 4:58,49.68,-83.67,57.33,94,39,4.88
79,Salalah,OM,7/28/2020 4:57,17.02,54.09,80.6,94,75,8.05
80,Coatesville,US,7/28/2020 4:58,39.98,-75.82,80.01,74,1,5.82
81,College,US,7/28/2020 4:58,64.86,-147.8,60.8,77,90,5.82
82,Puerto Escondido,MX,7/28/2020 4:58,15.85,-97.07,79.65,80,100,3.83
83,Nekhayevskiy,RU,7/28/2020 4:58,50.41,41.76,71.01,52,100,3
84,Tottori,JP,7/28/2020 4:58,35.5,134.23,86,70,75,6.93
85,Kaeo,NZ,7/28/2020 4:58,-35.1,173.78,57,3,49,5.99
86,Fomboni,KM,7/28/2020 4:58,-12.28,43.74,71.51,81,99,17.52
87,Warmbad,NA,7/28/2020 4:58,-28.45,18.73,55.8,36,0,8.57
88,Ambilobe,MG,7/28/2020 4:58,-13.2,49.05,77.16,62,39,2.86
89,New Norfolk,AU,7/28/2020 4:58,-42.78,147.06,54,83,29,3
90,Bandarbeyla,SO,7/28/2020 4:58,9.49,50.81,85.23,56,0,24.92
91,Barranca,PE,7/28/2020 4:58,-10.75,-77.77,57.99,88,97,4.79
92,Umm Lajj,SA,7/28/2020 4:58,25.02,37.27,89.62,55,70,8.75
93,Bud,US,7/28/2020 4:58,39.45,-86.18,73,99,100,7.99
94,Miramar,US,7/28/2020 4:57,25.99,-80.23,81,78,1,5.82
95,Buctzotz,MX,7/28/2020 4:58,21.2,-88.78,77.29,88,33,5.55
96,Hithadhoo,MV,7/28/2020 4:58,-0.6,73.08,83.05,78,100,12.64
97,Huambo,AO,7/28/2020 4:54,-12.78,15.74,45.16,63,0,1.95
98,Katihar,IN,7/28/2020 4:56,25.53,87.58,87.62,68,100,5.1
99,Hasaki,JP,7/28/2020 4:58,35.73,140.83,86,79,75,12.75
100,Severo-Kurilsk,RU,7/28/2020 4:58,50.68,156.12,55.08,81,62,17.72
101,Berberati,CF,7/28/2020 4:58,4.26,15.79,64.36,99,65,3.31
102,Acapulco,MX,7/28/2020 4:58,16.86,-99.89,80.37,80,100,8.5
103,Kodiak,US,7/28/2020 4:58,57.79,-152.41,59,77,1,3.36
104,Xuddur,SO,7/28/2020 4:58,4.12,43.89,76.35,68,98,22.88
105,Samarai,PG,7/28/2020 4:58,-10.62,150.67,81.23,83,100,8.68
106,Saint-Philippe,RE,7/28/2020 4:58,-21.36,55.77,71.6,78,90,10.29
107,Bidor,MY,7/28/2020 4:58,4.11,101.29,87.01,66,20,8.05
108,Krasnyy Chikoy,RU,7/28/2020 4:58,50.36,108.75,68,74,100,10.07
109,Aklavik,CA,7/28/2020 4:54,68.22,-135.01,62.6,59,90,8.05
110,Miraflores,MX,7/28/2020 4:58,19.22,-98.81,66.2,59,90,5.82
111,Sao Felix Do Xingu,BR,7/28/2020 4:58,-6.64,-51.99,67.41,63,0,1.07
112,Hobbs,US,7/28/2020 4:54,32.7,-103.14,84,37,75,8.05
113,Busselton,AU,7/28/2020 4:58,-33.65,115.33,64,89,99,12.15
114,Maniitsoq,GL,7/28/2020 4:58,65.42,-52.9,44.56,96,100,11.81
115,Yellowknife,CA,7/28/2020 4:57,62.46,-114.35,63,93,40,5.82
116,Barrow,US,7/28/2020 4:58,71.29,-156.79,37.4,86,90,24.16
117,Silchar,IN,7/28/2020 4:58,24.82,92.8,88.34,68,100,2.91
118,Trairi,BR,7/28/2020 4:58,-3.28,-39.27,76.14,81,0,11.05
119,Butaritari,KI,7/28/2020 4:58,3.07,172.79,83.39,77,100,12.95
120,Chuy,UY,7/28/2020 4:58,-33.7,-53.46,45.05,75,100,8.81
121,Dembi Dolo,ET,7/28/2020 4:58,8.53,34.8,58.71,99,83,1.48
122,San Quintin,MX,7/28/2020 4:58,30.48,-115.95,65.61,88,1,12.17
123,Marevo,RU,7/28/2020 4:58,57.31,32.08,66.96,83,54,4.61
124,Kalat,PK,7/28/2020 4:58,29.02,66.59,81.63,31,30,3.44
125,Carupano,VE,7/28/2020 4:58,10.67,-63.26,77.86,85,60,1.41
126,Constitucion,CL,7/28/2020 4:58,-35.33,-72.42,43.41,68,0,10.22
127,East London,ZA,7/28/2020 4:56,-33.02,27.91,55.4,58,0,11.41
128,Tasiilaq,GL,7/28/2020 4:58,65.61,-37.64,37.4,93,49,3.44
129,Castro,BR,7/28/2020 4:58,-24.79,-50.01,57.15,80,47,3.71
130,Narsaq,GL,7/28/2020 4:58,60.92,-46.05,46.4,87,100,5.82
131,Clyde River,CA,7/28/2020 4:58,70.47,-68.59,41,100,90,12.75
132,Pasan,IN,7/28/2020 4:58,22.85,82.2,88.84,60,98,2.84
133,Mabaruma,GY,7/28/2020 4:58,8.2,-59.78,73.9,99,25,1.32
134,Bengkulu,ID,7/28/2020 4:58,-3.8,102.27,84.6,62,100,10.33
135,Shingu,JP,7/28/2020 4:58,33.73,135.98,82.4,88,75,6.93
136,Provideniya,RU,7/28/2020 4:58,64.38,-173.3,53.6,81,75,8.95
137,Bambous Virieux,MU,7/28/2020 4:58,-20.34,57.76,72,88,40,3.36
138,Palmer,US,7/28/2020 4:56,42.16,-72.33,80.6,65,75,4.63
139,Henties Bay,NA,7/28/2020 4:59,-22.12,14.28,55.99,91,0,6.2
140,Casas Grandes,MX,7/28/2020 4:59,30.37,-107.95,73.99,63,50,1.01
141,Lexington,US,7/28/2020 4:55,37.99,-84.48,75.99,94,20,4.7
142,Saint-Augustin,CA,7/28/2020 4:59,51.23,-58.65,57,92,100,3.31
143,Longyearbyen,SJ,7/28/2020 4:59,78.22,15.64,64.4,48,99,9.17
144,Nikolskoye,RU,7/28/2020 4:59,59.7,30.79,69.01,68,75,4.47
145,Saskylakh,RU,7/28/2020 4:59,71.92,114.08,59.4,50,41,9.4
146,Broome,US,7/28/2020 4:59,42.25,-75.83,73.99,83,40,5.82
147,Kirakira,SB,7/28/2020 4:59,-10.45,161.92,84.15,75,83,9.1
148,Bacolod,PH,7/28/2020 4:54,10.67,122.95,82.33,81,95,4.99
149,Barcelos,PT,7/28/2020 4:59,41.54,-8.62,66.99,100,90,2.68
150,Progreso,MX,7/28/2020 4:59,21.28,-89.67,82,78,20,8.05
151,Simbahan,PH,7/28/2020 4:59,6.3,120.58,83.79,69,33,3.38
152,Burnie,AU,7/28/2020 4:59,-41.07,145.92,54.66,53,0,4.21
153,Pisco,PE,7/28/2020 4:59,-13.7,-76.22,57.2,82,40,3.36
154,Lagoa,PT,7/28/2020 4:59,39.05,-27.98,72.64,89,0,5.44
155,Evensk,RU,7/28/2020 4:59,61.95,159.23,54.54,85,92,8.23
156,Sao Gabriel Da Cachoeira,BR,7/28/2020 4:59,-0.13,-67.09,71.89,96,55,0.78
157,Iskateley,RU,7/28/2020 4:59,67.68,53.15,59.92,58,100,9.22
158,Mar Del Plata,AR,7/28/2020 4:59,-38,-57.56,41,93,20,6.93
159,Codrington,AU,7/28/2020 4:59,-38.27,141.97,55.58,71,68,4.5
160,Coxim,BR,7/28/2020 4:59,-18.51,-54.76,67.35,41,32,3.22
161,Zeya,RU,7/28/2020 4:59,53.75,127.27,89.78,38,15,6.08
162,Jumla,NP,7/28/2020 4:59,29.27,82.18,75.09,51,81,3.24
163,Llangefni,GB,7/28/2020 4:59,53.26,-4.31,57.2,82,17,16.11
164,Cotonou,BJ,7/28/2020 4:59,6.37,2.42,75.2,94,20,10.29
165,Huari,PE,7/28/2020 4:59,-9.33,-77.23,35.67,95,44,1.57
166,Khatanga,RU,7/28/2020 4:59,71.97,102.5,58.33,48,0,3.67
167,Rantepao,ID,7/28/2020 4:59,-2.97,119.9,82.78,48,73,5.21
168,Thompson,CA,7/28/2020 4:59,55.74,-97.86,57.2,82,90,6.93
169,Dunedin,NZ,7/28/2020 4:55,-45.87,170.5,52,59,100,4
170,Kruisfontein,ZA,7/28/2020 4:59,-34,24.73,50,74,0,1.99
171,Mahebourg,MU,7/28/2020 4:55,-20.41,57.7,66.2,88,40,3.36
172,Marsabit,KE,7/28/2020 4:59,2.33,37.99,62.44,75,54,19.51
173,Ko Samui,TH,7/28/2020 4:59,9.54,99.94,91.4,63,20,6.93
174,Paka,MY,7/28/2020 4:59,4.64,103.44,89.6,66,20,10.29
175,Novobirilyussy,RU,7/28/2020 4:59,56.95,90.67,75.29,49,29,1.45
176,Saint George,US,7/28/2020 4:59,37.1,-113.58,96.8,12,1,6.93
177,Olafsvik,IS,7/28/2020 4:59,64.89,-23.71,48.4,81,87,5.46
178,Shache,CN,7/28/2020 4:59,38.42,77.24,91.54,11,0,11.7
179,San Juan De Los Morros,VE,7/28/2020 4:59,9.91,-67.35,69.58,94,99,1.3
180,Santa Cruz,BO,7/28/2020 4:59,-17.8,-63.17,66.2,93,0,4.7
181,Lavrentiya,RU,7/28/2020 4:59,65.58,-171,47.64,79,94,11.97
182,Katete,UG,7/28/2020 4:59,-0.78,29.75,64.09,82,30,2.24
183,Honiara,SB,7/28/2020 4:59,-9.43,159.95,84.2,83,40,4.7
184,Rio Grande,BR,7/28/2020 4:59,-32.03,-52.1,51.01,97,100,8.63
185,Naze,JP,7/28/2020 4:59,28.37,129.48,89.6,75,40,11.41
186,Vershino-Shakhtaminskiy,RU,7/28/2020 4:59,51.3,117.89,70.93,79,99,12.53
187,Chambas,CU,7/28/2020 4:59,22.19,-78.91,82.4,83,20,9.17
188,Tuktoyaktuk,CA,7/28/2020 4:59,69.45,-133.04,55.4,93,90,10.29
189,Kramat,ID,7/28/2020 4:59,-8.13,113.45,84.51,53,83,7.9
190,Usakos,NA,7/28/2020 4:59,-22,15.6,53.56,40,0,11.03
191,Rio Tercero,AR,7/28/2020 4:59,-32.17,-64.11,30,67,8,7.09
192,Mountain Home,US,7/28/2020 4:59,43.13,-115.69,80.6,22,20,5.82
193,Torbay,CA,7/28/2020 4:59,47.67,-52.73,57.99,100,90,8.05
194,Cidreira,BR,7/28/2020 4:59,-30.18,-50.21,57.15,98,98,7.85
195,Qaqortoq,GL,7/28/2020 4:59,60.72,-46.03,46.4,87,100,5.82
196,Xinmin,CN,7/28/2020 4:59,41.99,122.83,82.4,69,75,6.71
197,Zhangye,CN,7/28/2020 4:59,38.93,100.45,94.33,11,0,9.13
198,Cheyenne,US,7/28/2020 4:59,41.14,-104.82,71.6,49,1,18.34
199,Christchurch,NZ,7/28/2020 4:59,-43.53,172.63,46.99,93,100,4.7
200,Vila Franca Do Campo,PT,7/28/2020 4:59,37.72,-25.43,71.6,88,40,2.01
201,Garmsar,IR,7/28/2020 4:59,35.22,52.34,96.93,13,0,3.87
202,Nsunga,TZ,7/28/2020 4:59,-1.14,31.39,73.4,60,75,5.82
203,Deputatskiy,RU,7/28/2020 4:59,69.3,139.9,49.32,57,99,13.24
204,Tabou,CI,7/28/2020 4:59,4.42,-7.35,74.55,82,100,7.29
205,Ipixuna,BR,7/28/2020 4:59,-1.76,-48.8,78.8,83,0,1.12
206,Najran,SA,7/28/2020 4:59,17.49,44.13,69.8,94,75,11.41
207,Moen,NO,7/28/2020 4:59,69.13,18.61,62.6,77,75,13.87
208,Inhambane,MZ,7/28/2020 4:59,-23.86,35.38,59,82,20,8.88
209,Sao Jose Do Egito,BR,7/28/2020 4:59,-7.48,-37.27,59.43,94,0,6.4
210,Voineasa,RO,7/28/2020 4:59,44.28,24.13,66,93,0,4.7
211,Voznesenye,RU,7/28/2020 4:59,61.01,35.48,66.78,73,29,5.26
212,San Vicente,AR,7/28/2020 4:59,-26.62,-54.13,60.42,97,54,2.3
213,Tiksi,RU,7/28/2020 4:59,71.69,128.87,41.09,82,100,15.46
214,Chimbote,PE,7/28/2020 4:59,-9.09,-78.58,58.55,89,29,5.17
215,Hofn,IS,7/28/2020 4:59,64.25,-15.21,51.1,70,99,5.95
216,Inyonga,TZ,7/28/2020 4:59,-6.72,32.07,59.94,63,47,4.92
217,Kavieng,PG,7/28/2020 4:59,-2.57,150.8,84.22,72,69,7.14
218,Preobrazheniye,RU,7/28/2020 4:59,42.9,133.91,70.59,75,65,11.63
219,Solvychegodsk,RU,7/28/2020 4:59,61.33,46.92,67.8,78,37,4.09
220,Bodden Town,KY,7/28/2020 4:59,19.28,-81.25,84,83,0,1.99
221,Rocha,UY,7/28/2020 4:59,-34.48,-54.33,44.64,63,100,10.71
222,Wasilla,US,7/28/2020 4:59,61.58,-149.44,68,63,75,4.7
223,Troitsko-Pechorsk,RU,7/28/2020 4:59,62.71,56.2,69.8,50,58,3.27
224,Grand Gaube,MU,7/28/2020 4:59,-20.01,57.66,72,76,15,5.01
225,Ruidoso,US,7/28/2020 4:59,33.33,-105.67,66.2,55,1,4.7
226,Mandalgovi,MN,7/28/2020 4:59,45.76,106.27,73.8,33,0,10.85
227,Fairbanks,US,7/28/2020 4:55,64.84,-147.72,60.8,87,90,3.22
228,Cururupu,BR,7/28/2020 4:59,-1.83,-44.87,73.85,92,10,3.49
229,Srednekolymsk,RU,7/28/2020 4:59,67.45,153.68,56.95,70,95,10.92
230,Grand-Santi,GF,7/28/2020 4:59,4.25,-54.38,72.48,96,74,1.14
231,Onguday,RU,7/28/2020 4:59,50.75,86.15,70.56,48,33,3.06
232,Norman Wells,CA,7/28/2020 4:59,65.28,-126.83,60.8,82,75,4.7
233,Fonte Boa,BR,7/28/2020 4:59,-2.5,-66.27,72.3,93,0,1.83
234,Oeiras Do Para,BR,7/28/2020 4:59,-2,-49.85,71.49,78,1,1.95
235,Virginia Beach,US,7/28/2020 4:54,36.85,-75.98,84.2,79,1,10.29
236,Tura,IN,7/28/2020 4:59,25.52,90.22,82.72,86,100,5.61
237,Avarua,CK,7/28/2020 4:59,-21.21,-159.78,71.6,73,49,9.17
238,Barra Patuca,HN,7/28/2020 4:59,15.8,-84.28,80.15,85,28,12.41
239,Marsa Matruh,EG,7/28/2020 4:59,31.35,27.25,73.4,88,40,12.08
240,Larap,PH,7/28/2020 4:59,14.3,122.65,82.02,84,100,4.07
241,Sulangan,PH,7/28/2020 4:59,11.14,123.72,82.65,78,100,13.38
242,Abu Samrah,SY,7/28/2020 4:59,35.3,37.18,86,38,4,5.88
243,Carnarvon,AU,7/28/2020 4:59,-24.87,113.63,77,36,0,16.11
244,Malabo,GQ,7/28/2020 4:59,3.75,8.78,75.2,100,20,4.7
245,Washington,US,7/28/2020 4:55,47.5,-120.5,84.2,30,1,9.17
246,Sorkjosen,NO,7/28/2020 4:59,69.8,20.93,64.4,72,83,8.05
247,Bilibino,RU,7/28/2020 4:59,68.05,166.44,60.24,41,59,9.44
248,Omsukchan,RU,7/28/2020 4:59,62.53,155.8,78.87,29,14,14.61
249,Gornopravdinsk,RU,7/28/2020 4:59,60.05,69.9,57.76,54,70,7.38
250,Manica,FR,7/28/2020 4:59,49,-1.17,53.6,87,40,5.82
251,Chicama,PE,7/28/2020 4:59,-7.84,-79.15,59.38,84,18,3.91
252,San Carlos De Bariloche,AR,7/28/2020 4:59,-41.15,-71.31,35.6,74,14,16.11
253,Rio Gallegos,AR,7/28/2020 4:59,-51.62,-69.22,30.2,86,61,9.17
254,Taoudenni,ML,7/28/2020 4:59,22.68,-3.98,89.69,43,25,14.56
255,Mount Gambier,AU,7/28/2020 4:59,-37.83,140.77,55.4,76,72,4.7
256,Mizdah,LY,7/28/2020 4:59,31.45,12.98,66.96,73,0,3.33
257,Port Elizabeth,ZA,7/28/2020 4:59,-33.92,25.57,44.6,93,0,2.24
258,La Palma,US,7/28/2020 4:59,33.85,-118.05,68,68,1,5.82
259,Beringovskiy,RU,7/28/2020 4:59,63.05,179.32,63.03,66,0,7.16
260,Tena,EC,7/28/2020 4:59,-0.98,-77.82,66.2,84,6,3.62
261,Si Satchanalai,TH,7/28/2020 4:59,17.52,99.76,86,74,40,2.24
262,Bairiki,KI,7/28/2020 4:59,1.33,172.98,86,74,75,9.17
263,Coquimbo,CL,7/28/2020 4:59,-29.95,-71.34,50,87,3,3.36
264,Kot Radha Kishan,PK,7/28/2020 4:59,31.17,74.1,93.2,59,2,11.41
265,Acari,PE,7/28/2020 4:59,-15.43,-74.62,58.84,66,50,3.58
266,Tuatapere,NZ,7/28/2020 4:59,-46.13,167.68,48,84,100,3.15
267,Panama City,PA,7/28/2020 4:57,8.99,-79.52,78.8,88,100,3.36
268,Kushiro,JP,7/28/2020 4:59,42.98,144.37,64.4,77,40,9.17
269,Prince Rupert,CA,7/28/2020 4:59,54.32,-130.32,57.2,82,1,3.36
270,Nalut,LY,7/28/2020 4:59,30.33,10.85,70.41,50,0,10.8
271,Gumdag,TM,7/28/2020 4:59,39.21,54.59,90.46,42,0,13.87
272,Padang,ID,7/28/2020 4:58,-0.95,100.35,82.24,74,100,10.74
273,Mahibadhoo,MV,7/28/2020 4:59,3.78,72.97,82.26,78,55,10.89
274,Slave Lake,CA,7/28/2020 4:59,55.28,-114.77,71.6,64,1,6.93
275,Te Anau,NZ,7/28/2020 4:59,-45.42,167.72,45.68,80,100,1.43
276,Lasa,IT,7/28/2020 4:59,46.62,10.7,61,93,1,3.36
277,Leningradskiy,RU,7/28/2020 4:59,69.38,178.42,38.1,76,16,7.61
278,Klaksvik,FO,7/28/2020 4:59,62.23,-6.59,46.4,93,98,21.92
279,Qui Nhon,VN,7/28/2020 4:58,13.77,109.23,89.8,59,40,11.25
280,Bathsheba,BB,7/28/2020 4:59,13.22,-59.52,82.4,74,40,14.99
281,Bani,DO,7/28/2020 4:59,18.28,-70.33,80.01,81,18,4
282,Trabzon,TR,7/28/2020 4:58,40.92,39.83,78.8,69,75,4.7
283,Balakovo,RU,7/28/2020 4:59,52.03,47.8,70.16,66,42,5.82
284,Gao,ML,7/28/2020 4:59,16.64,1.64,80.08,63,87,10.18
285,Airai,TL,7/28/2020 4:59,-8.93,125.41,71.04,57,92,4.14
286,Haines Junction,CA,7/28/2020 4:59,60.75,-137.51,51.75,68,100,2.77
287,Port-Gentil,GA,7/28/2020 4:59,-0.72,8.78,75.65,79,12,13.62
288,Maple Creek,CA,7/28/2020 4:59,49.92,-109.48,69.28,43,0,9.33
289,Maceio,BR,7/28/2020 4:59,-9.67,-35.74,69.8,94,20,3.36
290,Yenagoa,NG,7/28/2020 4:59,4.92,6.26,73.63,94,100,5.08
291,Port Hedland,AU,7/28/2020 4:59,-20.32,118.57,84.2,12,62,14.99
292,Palana,RU,7/28/2020 4:59,59.12,159.97,53.67,88,18,13.31
293,Ust-Kulom,RU,7/28/2020 4:59,61.69,53.69,68.43,63,66,2.75
294,Yar-Sale,RU,7/28/2020 4:59,66.83,70.83,59.49,50,58,14.83
295,Amapa,BR,7/28/2020 4:59,1,-52,70.59,91,41,1.1
296,Mafeteng,LS,7/28/2020 4:59,-29.82,27.24,34.95,82,0,5.1
297,Grindavik,IS,7/28/2020 4:59,63.84,-22.43,48.2,76,75,9.17
298,Ladario,BR,7/28/2020 4:59,-19,-57.6,71.26,52,0,2.01
299,Baykit,RU,7/28/2020 4:59,61.67,96.37,73.06,47,82,1.43
300,Makakilo City,US,7/28/2020 4:57,21.35,-158.09,84.2,54,20,10.29
301,Waipawa,NZ,7/28/2020 4:54,-41.41,175.52,55.4,58,78,12.75
302,Halifax,CA,7/28/2020 4:55,44.65,-63.57,64.99,89,55,3.65
303,Mugla,TR,7/28/2020 4:59,37.23,28.36,82.4,69,0,1.12
304,Ambon,ID,7/28/2020 4:59,-3.7,128.18,79.27,82,83,15.52
305,Nemuro,JP,7/28/2020 4:59,43.32,145.57,62.6,82,75,5.82
306,Esperance,AU,7/28/2020 4:59,-33.87,121.9,62.6,72,40,11.41
307,Canico,PT,7/28/2020 4:59,32.63,-16.85,71.6,68,40,18.34
308,Alihe,CN,7/28/2020 4:59,50.57,123.72,88.09,36,0,9.66
309,Ochamchira,GE,7/28/2020 4:59,42.71,41.47,78.55,75,5,2.75
310,Estelle,US,7/28/2020 4:59,29.85,-90.11,78.01,99,100,2.3
311,Souillac,MU,7/28/2020 4:59,-20.52,57.52,66.2,88,40,3.36
312,Yumen,CN,7/28/2020 4:59,40.28,97.2,94.78,11,51,17.11
313,Inta,RU,7/28/2020 4:59,66.03,60.17,61.41,55,0,9.78
314,Ilulissat,GL,7/28/2020 4:59,69.22,-51.1,39.2,93,100,6.93
315,Sangar,RU,7/28/2020 4:59,63.92,127.47,67.59,44,88,12.48
316,Rorvik,NO,7/28/2020 4:59,64.86,11.24,60.8,72,30,8.05
317,Vila Velha,BR,7/28/2020 4:59,-20.33,-40.29,64.4,93,0,1.12
318,Caravelas,BR,7/28/2020 4:59,-17.71,-39.25,68.43,87,26,1.05
319,San Jeronimo,PE,7/28/2020 4:59,-11.95,-75.28,46.44,71,14,0.65
320,Haapiti,PF,7/28/2020 4:59,-17.57,-149.87,80.01,74,75,9.17
321,Tigil,RU,7/28/2020 4:59,57.8,158.67,67.87,56,0,12.1
322,Yashkul,RU,7/28/2020 4:59,46.17,45.34,83.88,25,8,12.53
323,Quatre Cocos,MU,7/28/2020 4:55,-20.21,57.76,72,88,40,3.36
324,Fortuna,US,7/28/2020 4:59,40.6,-124.16,55.99,91,86,3.96
325,Cabo San Lucas,MX,7/28/2020 4:57,22.89,-109.91,86,58,75,9.13
326,Cabedelo,BR,7/28/2020 4:59,-6.98,-34.83,74.73,82,29,15.66
327,Felanitx,ES,7/28/2020 4:59,39.47,3.15,75.2,77,0,4.7
328,Belyy Yar,RU,7/28/2020 4:59,53.6,91.39,68,72,100,4.47
329,Slawno,PL,7/28/2020 4:59,54.36,16.68,65.07,83,98,12.93
330,Hatillo,PR,7/28/2020 4:59,18.49,-66.83,80.01,90,55,16.04
331,Goderich,CA,7/28/2020 4:59,43.75,-81.72,73.99,67,18,1.01
332,Lompoc,US,7/28/2020 4:59,34.64,-120.46,59,82,90,6.93
333,Smidovich,RU,7/28/2020 4:59,48.6,133.82,81.25,67,52,2.55
334,Teguise,ES,7/28/2020 4:59,29.06,-13.56,71.6,83,6,21.92
335,Teknaf,BD,7/28/2020 4:59,20.86,92.31,85.05,78,97,6.26
336,Maralal,KE,7/28/2020 4:59,1.1,36.7,58.51,91,98,4.32
337,Hambantota,LK,7/28/2020 4:59,6.12,81.12,82.4,88,90,5.82
338,Tautira,PF,7/28/2020 4:59,-17.73,-149.15,80.01,74,75,9.17
339,Aketi,CD,7/28/2020 4:59,2.74,23.78,69.35,95,64,1.57
340,Talnakh,RU,7/28/2020 4:59,69.49,88.4,60.8,41,40,8.95
341,Porosozero,RU,7/28/2020 4:59,62.72,32.73,63.68,71,81,4.14
342,Bethel,US,7/28/2020 4:59,41.37,-73.41,82.4,61,1,5.82
343,Nioro,GM,7/28/2020 4:59,13.35,-15.75,76.1,93,100,5.64
344,Hami,CN,7/28/2020 4:59,42.8,93.45,90.57,20,92,17.13
345,Nuevo Progreso,MX,7/28/2020 4:59,23.17,-97.95,77,72,100,1.99
346,Yuanping,CN,7/28/2020 5:00,38.72,112.76,85.98,48,2,7.58
347,Sao Filipe,CV,7/28/2020 5:00,14.9,-24.5,75.83,77,98,6.42
348,Isangel,VU,7/28/2020 5:00,-19.55,169.27,80.6,61,75,8.05
349,Dikson,RU,7/28/2020 5:00,73.51,80.55,42.08,77,51,14.9
350,Westport,US,7/28/2020 4:56,41.14,-73.36,82.99,74,1,4.7
351,Zhezkazgan,KZ,7/28/2020 5:00,47.8,67.71,71.6,53,40,8.95
352,Soyo,AO,7/28/2020 5:00,-6.13,12.37,72.99,78,93,6.67
353,Lazaro Cardenas,MX,7/28/2020 5:00,17.96,-102.2,80.1,76,100,5.14
354,Saint-Francois,FR,7/28/2020 5:00,46.42,3.91,66.99,72,0,3.65
355,Imbituba,BR,7/28/2020 5:00,-28.24,-48.67,64.4,93,56,9.17
356,Batemans Bay,AU,7/28/2020 5:00,-35.72,150.18,64,70,98,5.01
357,Laguna,US,7/28/2020 5:00,38.42,-121.42,73.99,40,1,6.93
358,Sinegorye,RU,7/28/2020 5:00,62.08,150.48,79.59,29,100,6.64
359,Mecca,SA,7/28/2020 5:00,21.43,39.83,85.62,64,43,11.79
360,Warrnambool,AU,7/28/2020 5:00,-38.38,142.48,59,79,43,4.16
361,Nueve De Julio,AR,7/28/2020 4:55,-35.44,-60.88,35.01,66,0,1.99
362,Thinadhoo,MV,7/28/2020 5:00,0.53,72.93,82.63,76,99,7.92
363,Ust-Tsilma,RU,7/28/2020 5:00,65.44,52.15,67.8,48,24,4.9
364,Chokurdakh,RU,7/28/2020 5:00,70.63,147.92,50.67,57,100,6.13
365,Mayumba,GA,7/28/2020 5:00,-3.43,10.66,71.64,83,18,5.68
366,Morros,BR,7/28/2020 5:00,-9.45,-46.3,64.85,65,1,4.56
367,Devonport,AU,7/28/2020 5:00,-41.17,146.35,57,66,0,1.99
368,Bikin,RU,7/28/2020 5:00,46.82,134.26,88.23,54,23,1.05
369,Maragogi,BR,7/28/2020 5:00,-9.01,-35.22,73.69,79,63,10.8
370,Sioux Lookout,CA,7/28/2020 5:00,50.1,-91.92,59,93,75,4.7
371,Los Andes,CL,7/28/2020 5:00,-32.83,-70.6,45,99,0,3.76
372,San Cristobal,VE,7/28/2020 5:00,7.77,-72.22,65.89,79,53,1.48
373,Flin Flon,CA,7/28/2020 5:00,54.77,-101.86,57.42,82,10,5.08
374,Pangkalanbuun,ID,7/28/2020 5:00,-2.68,111.62,85.44,66,42,6.49
375,Archidona,ES,7/28/2020 5:00,37.1,-4.39,79,83,0,8.05
376,Luderitz,NA,7/28/2020 5:00,-26.65,15.16,51.8,100,0,1.12
377,Awjilah,LY,7/28/2020 5:00,29.11,21.29,74.46,58,0,8.23
378,Necochea,AR,7/28/2020 5:00,-38.55,-58.74,39.99,95,40,1.99
379,Vila,PT,7/28/2020 5:00,42.03,-8.16,66.2,100,75,3.36
380,Craigieburn,AU,7/28/2020 5:00,-37.6,144.95,60.01,67,40,12.75
381,Aswan,EG,7/28/2020 5:00,24.09,32.91,91.31,20,14,12.68
382,Tucuman,AR,7/28/2020 5:00,-26.82,-65.22,51.8,50,8,5.08
383,Avera,US,7/28/2020 5:00,33.19,-82.53,78.8,88,1,4.7
384,Roma,US,7/28/2020 5:00,43.21,-75.46,73.99,94,75,3.36
385,Shellbrook,CA,7/28/2020 5:00,53.22,-106.4,62.6,93,5,5.06
386,Lata,PT,7/28/2020 5:00,40.16,-8.33,66.99,89,100,1.01
387,Ancud,CL,7/28/2020 5:00,-41.87,-73.82,39.99,100,40,2.24
388,Malakal,SS,7/28/2020 5:00,9.53,31.66,73.22,92,100,4.5
389,Luanda,AO,7/28/2020 4:56,-8.84,13.23,71.6,83,75,4.7
390,Yulara,AU,7/28/2020 5:00,-25.24,130.99,68,24,0,9.17
391,Cape Girardeau,US,7/28/2020 5:00,37.31,-89.52,77,83,75,2.42
392,Enshi,CN,7/28/2020 5:00,30.3,109.48,92.64,49,8,2.89
393,Zacapa,GT,7/28/2020 5:00,14.97,-89.53,73.74,84,100,1.7
394,Partyzany,UA,7/28/2020 5:00,46.33,34.75,72.99,81,100,6.96
395,Kotdwara,IN,7/28/2020 5:00,29.75,78.53,82.4,83,75,3.36
396,Pacific Grove,US,7/28/2020 5:00,36.62,-121.92,60.8,82,75,5.82
397,Brae,GB,7/28/2020 5:00,60.4,-1.35,55.4,100,100,12.75
398,Mezen,RU,7/28/2020 5:00,65.85,44.24,65.25,56,60,3.53
399,Jieshi,CN,7/28/2020 5:00,22.81,115.83,88.05,69,30,12.82
400,Sergach,RU,7/28/2020 5:00,55.53,45.47,67.3,73,0,3.76
401,Pechenga,RU,7/28/2020 5:00,69.53,31.17,59,82,0,3.36
402,Baruun-Urt,MN,7/28/2020 5:00,46.68,113.28,75.79,49,3,11.18
403,Gizo,SB,7/28/2020 5:00,-8.1,156.84,83.23,75,14,5.44
404,Coihaique,CL,7/28/2020 5:00,-45.58,-72.07,32,87,85,2.24
405,Banes,CU,7/28/2020 5:00,20.96,-75.72,78.8,83,89,5.82
406,Ibipeba,BR,7/28/2020 4:58,-11.64,-42.01,60.93,87,81,7.85
407,Vaitape,PF,7/28/2020 5:00,-16.52,-151.75,79.77,80,94,15.48
408,Bridlington,GB,7/28/2020 5:00,54.08,-0.19,53.6,87,0,12.75
409,Almaznyy,RU,7/28/2020 5:00,48.04,40.05,78.8,44,20,15.66
410,Shimoda,JP,7/28/2020 5:00,34.67,138.95,84.2,89,75,21.92
411,Ipaba,BR,7/28/2020 5:00,-19.41,-42.42,60.8,87,7,0.83
412,Dudinka,RU,7/28/2020 5:00,69.41,86.18,60.8,41,40,8.95
413,Vagur,FO,7/28/2020 5:00,61.47,-6.81,49.28,84,65,19.48
414,Ejido,VE,7/28/2020 5:00,8.55,-71.24,64.81,63,25,5.73
415,Prachuap Khiri Khan,TH,7/28/2020 5:00,11.82,99.78,86.9,72,92,5.79
416,Iqaluit,CA,7/28/2020 5:00,63.75,-68.51,51.8,87,75,2.24
417,Touros,BR,7/28/2020 5:00,-5.2,-35.46,73.4,88,40,4.7
418,Bara,NG,7/28/2020 5:00,10.37,10.73,71.82,95,71,8.52
419,Vardo,NO,7/28/2020 5:00,70.37,31.11,57.2,87,0,4.7
420,Novyy Urengoy,RU,7/28/2020 5:00,66.08,76.63,62.28,40,5,16.58
421,Guerrero Negro,MX,7/28/2020 5:00,27.98,-114.06,67.3,86,0,14.38
422,Deder,ET,7/28/2020 5:00,9.32,41.45,56.07,98,93,7.72
423,Saldanha,ZA,7/28/2020 5:00,-33.01,17.94,48.2,81,0,5.82
424,Sao Jose Da Coroa Grande,BR,7/28/2020 5:00,-8.9,-35.15,74.19,78,32,11.41
425,Opuwo,NA,7/28/2020 5:00,-18.06,13.84,51.94,45,0,7.99
426,Kuzedeyevo,RU,7/28/2020 5:00,53.33,87.2,69.75,77,49,2.84
427,Ahipara,NZ,7/28/2020 5:00,-35.17,173.17,58.53,73,57,7.76
428,Porto Novo,BJ,7/28/2020 5:00,6.5,2.6,75.2,94,20,10.29
429,Nago,JP,7/28/2020 5:00,26.59,127.98,89.6,70,40,12.75
430,Chapais,CA,7/28/2020 5:00,49.78,-74.85,64.4,100,90,3.36
431,Sur,OM,7/28/2020 5:00,22.57,59.53,90.9,56,0,10.27
432,Riyadh,SA,7/28/2020 4:56,24.69,46.72,91.4,31,8,8.12
433,Dhanera,IN,7/28/2020 5:00,24.52,72.02,91.02,62,85,13.18
434,Astoria,US,7/28/2020 5:00,46.19,-123.83,57.99,93,90,9.17
435,Yelizovo,RU,7/28/2020 5:00,53.19,158.38,75.2,60,58,13.42
436,Ixtapa,MX,7/28/2020 4:58,20.7,-105.2,80.6,88,40,2.24
437,Ahmadnagar,IN,7/28/2020 5:00,19.08,74.73,80.73,67,94,7.43
438,Korla,CN,7/28/2020 5:00,41.76,86.15,86.52,19,0,12.15
439,Komsomolskiy,UZ,7/28/2020 5:00,40.43,71.72,86,30,82,6.93
440,Majitha,IN,7/28/2020 5:00,31.76,74.95,91.4,70,71,6.93
441,Honningsvag,NO,7/28/2020 5:00,70.98,25.97,66.2,55,0,8.05
442,Las Choapas,MX,7/28/2020 5:00,17.93,-94.08,78.24,92,97,0.85
443,Alofi,NU,7/28/2020 5:00,-19.06,-169.92,75.2,69,38,16.11
444,Shama,CN,7/28/2020 5:00,33.61,104.29,74.77,40,87,3.94
445,Huilong,CN,7/28/2020 5:00,31.81,121.66,102.99,99,96,1.99
446,Letlhakane,BW,7/28/2020 5:00,-21.42,25.58,42.78,81,0,9.37
447,Champerico,GT,7/28/2020 5:00,14.3,-91.92,80.83,78,100,5.1
448,Bubaque,GW,7/28/2020 5:00,11.28,-15.83,79.18,84,100,15.39
449,Ratne,UA,7/28/2020 5:00,51.67,24.53,60.8,100,75,2.37
450,Grosse Pointe Farms,US,7/28/2020 5:00,42.41,-82.89,77,65,1,6.93
451,Sechura,PE,7/28/2020 5:00,-5.56,-80.82,62.02,81,0,11.07
452,Rabo De Peixe,PT,7/28/2020 5:00,37.8,-25.58,71.6,88,40,1.5
453,Vallenar,CL,7/28/2020 5:00,-28.57,-70.76,60.33,33,32,1.45
454,Namie,JP,7/28/2020 5:00,37.48,141,73.99,98,100,6.91
455,Jawa,JO,7/28/2020 5:00,31.85,35.94,82.4,54,52,4.7
456,Nanortalik,GL,7/28/2020 5:00,60.14,-45.24,45.37,95,100,4.32
457,Saraland,US,7/28/2020 5:00,30.82,-88.07,77,96,74,2.75
458,Abu Dhabi,AE,7/28/2020 4:58,24.47,54.37,98.6,37,93,14.99
459,Sistranda,NO,7/28/2020 5:00,63.73,8.83,60.8,67,61,20.8
460,Puerto Ayacucho,VE,7/28/2020 5:00,5.66,-67.62,72.88,91,46,2.21
461,Price,US,7/28/2020 5:00,39.6,-110.81,69.8,56,75,5.82
462,Itaqui,BR,7/28/2020 5:00,-29.13,-56.55,54.66,87,91,11.56
463,Fairview,US,7/28/2020 5:00,40.81,-74,87.01,58,1,3.36
464,Ende,ID,7/28/2020 4:59,-8.84,121.66,81.72,57,42,7.9
465,Kirksville,US,7/28/2020 5:00,40.19,-92.58,66.2,100,1,3.36
466,Martapura,ID,7/28/2020 5:00,-3.42,114.85,89.6,59,40,6.93
467,Pandharpur,IN,7/28/2020 5:00,17.67,75.33,83.26,64,100,10.16
468,Artyom,AZ,7/28/2020 5:00,40.47,50.33,84.2,62,0,23.04
469,Moose Factory,CA,7/28/2020 5:00,51.26,-80.61,64.4,93,90,10.29
470,Karratha,AU,7/28/2020 5:00,-20.74,116.85,80.22,19,18,15.73
471,Parakou,BJ,7/28/2020 5:00,9.34,2.63,71.04,97,100,4.99
472,Coahuayana,MX,7/28/2020 5:00,18.73,-103.68,77.97,81,92,3.24
473,Harrisonburg,US,7/28/2020 5:00,38.45,-78.87,75.99,100,1,3.69
474,Faridpur,BD,7/28/2020 5:00,23.6,89.83,89.6,66,75,10.65
475,Newport,GB,7/28/2020 4:56,51.59,-3,59,89,17,12.66
476,Jalu,LY,7/28/2020 5:00,29.03,21.55,74.53,60,0,8.81
477,Bac Lieu,VN,7/28/2020 5:00,9.29,105.72,89.01,62,15,10.74
478,Polyarnyy,RU,7/28/2020 5:00,69.2,33.45,57.2,93,0,3.76
479,Margate,GB,7/28/2020 5:00,51.38,1.39,59,77,19,1.99
480,Berlevag,NO,7/28/2020 5:00,70.86,29.09,68,60,0,9.17
481,Atar,MR,7/28/2020 5:00,20.52,-13.05,84.96,47,62,7.27
482,Turbat,PK,7/28/2020 5:00,26,63.04,89.1,58,6,10.6
483,Poum,NC,7/28/2020 5:00,-20.23,164.02,74.73,80,96,26.69
484,Wairoa,NZ,7/28/2020 5:00,-39.03,177.37,57,56,3,1.99
485,Russell,US,7/28/2020 5:00,32.35,-85.2,82.4,88,75,4.16
486,Mitsamiouli,KM,7/28/2020 5:00,-11.38,43.28,75.2,69,20,12.75
487,Pangody,RU,7/28/2020 5:00,65.85,74.49,62.89,40,63,14.36
488,Tchibanga,GA,7/28/2020 5:00,-2.85,11.03,64.11,98,9,1.23
489,San Miguel,SV,7/28/2020 5:00,13.48,-88.18,74.68,93,75,2.04
490,Mbanza-Ngungu,CD,7/28/2020 5:00,-5.25,14.87,60.98,94,0,6.6
491,Maumere,ID,7/28/2020 5:00,-8.62,122.21,80.13,64,42,10.92
492,Gushi,CN,7/28/2020 5:00,34.64,109.58,90.82,51,41,5.12
493,Capao Da Canoa,BR,7/28/2020 5:00,-29.75,-50.01,59.58,97,100,7.83
494,Amga,RU,7/28/2020 5:00,60.9,131.96,63.59,94,96,4.79
495,Port Moresby,PG,7/28/2020 5:00,-9.44,147.18,84.2,79,40,14.99
496,Mandiana,GN,7/28/2020 5:00,10.63,-8.68,70.66,95,95,7.52
497,Tessalit,ML,7/28/2020 5:00,20.2,1.01,83.55,50,58,5.95
498,Goba,ET,7/28/2020 5:00,7.02,39.98,52.93,89,93,3
499,Richards Bay,ZA,7/28/2020 5:00,-28.78,32.04,56.73,85,2,8.25
500,Leshukonskoye,RU,7/28/2020 5:00,64.9,45.76,64.71,74,63,4
501,Manicore,BR,7/28/2020 5:00,-5.81,-61.3,73.4,94,19,1.23
502,Saint-Pierre,RE,7/28/2020 5:00,-21.34,55.48,71.6,78,90,10.29
503,Comodoro Rivadavia,AR,7/28/2020 4:59,-45.87,-67.5,39.2,64,1,8.05
504,Anloga,GH,7/28/2020 5:00,5.79,0.9,75.2,88,20,11.41
505,Anderson,US,7/28/2020 5:00,34.53,-82.65,77,83,1,5.1
506,Cape Canaveral,US,7/28/2020 5:00,28.41,-80.6,75.99,88,1,6.93
507,Calbuco,CL,7/28/2020 5:00,-41.77,-73.13,33.8,78,90,2.24
508,Zatoka,UA,7/28/2020 5:00,46.07,30.47,75.2,47,84,18.79
509,Gueret,FR,7/28/2020 5:00,46.17,1.87,64.99,93,75,4.7
510,Nome,US,7/28/2020 5:00,64.5,-165.41,51.8,87,90,16.11
511,Turukhansk,RU,7/28/2020 5:00,65.82,87.98,59.18,57,96,16.06
512,Ondjiva,AO,7/28/2020 5:00,-17.07,15.73,49.55,49,0,7.45
513,Havre-Saint-Pierre,CA,7/28/2020 5:00,50.23,-63.6,59,93,90,17.22
514,Orodel,RO,7/28/2020 5:00,44.23,23.23,66,87,2,3.83
515,Dhidhdhoo,MV,7/28/2020 5:00,6.88,73.1,82.18,79,100,12.68
516,North Bend,US,7/28/2020 5:00,43.41,-124.22,59,93,1,8.05
517,Tete,MZ,7/28/2020 5:00,-16.16,33.59,63.32,82,32,5.88
518,Quincy,US,7/28/2020 5:00,42.25,-71,84,58,20,12.75
519,Espita,MX,7/28/2020 5:00,21.02,-88.32,76.53,92,3,5.06
520,Metapan,SV,7/28/2020 5:00,14.33,-89.45,70.66,88,85,2.59
521,Batagay-Alyta,RU,7/28/2020 5:00,67.8,130.41,59.04,46,93,5.73
522,Rovaniemi,FI,7/28/2020 5:00,66.5,25.72,60.8,77,90,8.05
523,Kibre Mengist,ET,7/28/2020 5:00,5.88,38.98,58.06,96,100,1.05
524,Hailey,US,7/28/2020 5:00,43.52,-114.32,73.4,38,75,8.05
525,Husavik,IS,7/28/2020 5:00,66.04,-17.34,44.6,81,90,8.05
526,Puerto Madero,MX,7/28/2020 5:00,14.72,-92.42,81.81,76,100,4.68
527,Praia,CV,7/28/2020 4:58,14.92,-23.51,77,78,40,8.05
528,Bayir,TR,7/28/2020 5:00,37.27,28.22,73.4,69,0,1.12
529,General Roca,AR,7/28/2020 5:00,-39.03,-67.58,35.6,74,0,2.24
530,Gonzales,US,7/28/2020 4:57,30.24,-90.92,75.2,94,100,2.84
531,Piranhas,BR,7/28/2020 5:00,-16.43,-51.82,68.67,46,0,4.61
532,Paamiut,GL,7/28/2020 5:00,61.99,-49.67,46.13,85,100,3.31
533,Aberdeen,GB,7/28/2020 4:57,57.14,-2.1,53.6,81,75,14.99
534,Borogontsy,RU,7/28/2020 5:00,62.67,131.17,67.89,76,93,3.6
535,Shu,KZ,7/28/2020 5:00,43.6,73.76,90.12,20,100,10.42
536,Camana,PE,7/28/2020 5:00,-16.62,-72.71,57.06,76,54,5.84
537,Sangamner,IN,7/28/2020 5:00,19.57,74.22,82.72,65,92,9.4
538,Albert Town,JM,7/28/2020 5:00,18.29,-77.54,84.2,79,20,5.82
539,Batagay,RU,7/28/2020 5:00,67.63,134.63,61.3,47,72,11.65
540,Aksarka,RU,7/28/2020 5:00,66.56,67.8,54.19,63,100,13.38
541,Talalayivka,UA,7/28/2020 5:00,50.96,31.92,70.74,71,59,3.58
542,Polis,CY,7/28/2020 5:00,35.04,32.43,78.8,54,20,6.93
543,Ouargaye,BF,7/28/2020 5:00,11.5,0.06,77.14,79,95,8.84
544,Ahuimanu,US,7/28/2020 5:00,21.44,-157.84,84.2,62,40,12.75
545,Bowen,AU,7/28/2020 5:00,-20.02,148.23,77,20,0,10.29
546,Tazovskiy,RU,7/28/2020 5:00,67.47,78.7,57.09,51,57,13.94
547,Springbok,ZA,7/28/2020 5:01,-29.66,17.89,51.12,44,0,7.45
548,Svetlaya,RU,7/28/2020 5:01,46.54,138.33,66.9,84,92,5.17
549,Newala,TZ,7/28/2020 5:01,-10.94,39.28,63,79,0,2.06
550,Tabas,IR,7/28/2020 5:01,33.6,56.92,96.8,14,0,2.24
551,Bugene,TZ,7/28/2020 5:01,-1.59,31.14,64.18,53,90,3.44
552,Matara,LK,7/28/2020 5:01,5.95,80.54,80.53,83,100,9.64
553,Mattru,SL,7/28/2020 5:01,7.62,-11.83,72.19,91,100,2.71
554,Ozinki,RU,7/28/2020 5:01,51.18,49.68,70.74,59,38,7.25
555,Sitka,US,7/28/2020 5:01,57.05,-135.33,57.2,82,75,3.36
556,Nouakchott,MR,7/28/2020 5:01,18.09,-15.98,80.6,83,93,2.24
557,Outlook,CA,7/28/2020 5:01,51.5,-107.05,66,74,0,2.59
558,Aleksandrov Gay,RU,7/28/2020 5:01,50.15,48.57,74.79,48,1,6.38
559,Dekar,BW,7/28/2020 5:01,-21.53,21.93,41.4,68,0,8.61
560,Gat,IL,7/28/2020 5:01,31.61,34.76,80.01,83,0,3.38
561,Bryan,US,7/28/2020 5:01,30.67,-96.37,82.4,94,1,4.7
562,Awbari,LY,7/28/2020 5:01,26.59,12.78,73.33,42,0,7.49
563,Boa Vista,BR,7/28/2020 5:01,2.82,-60.67,78.8,88,55,1.12
564,Adrar,MR,7/28/2020 5:01,20.5,-10.07,88.95,39,18,22.97
565,Orikum,AL,7/28/2020 5:01,40.33,19.47,78.37,57,0,3.69
566,Riviera Beach,US,7/28/2020 4:59,26.78,-80.06,75.2,73,40,2.39
567,Itarema,BR,7/28/2020 5:01,-2.92,-39.92,75.18,85,0,12.48
568,Channel-Port Aux Basques,CA,7/28/2020 5:01,47.57,-59.14,60.76,83,28,2.48
569,Erzin,TR,7/28/2020 5:01,36.96,36.2,82.99,86,49,1.99
570,Salta,AR,7/28/2020 4:58,-24.79,-65.41,46.4,59,0,6.93
571,Tunkas,MX,7/28/2020 5:01,20.9,-88.75,76.73,90,18,5.59
572,Saint-Joseph,RE,7/28/2020 5:01,-21.37,55.62,71.6,78,90,10.29
573,Solin,HR,7/28/2020 5:01,43.55,16.5,71.6,68,0,3.36
574,Launceston,AU,7/28/2020 5:01,-41.45,147.17,57.99,66,12,16.11
575,Saint-Remi,CA,7/28/2020 5:01,45.27,-73.62,75.99,92,0,1.99
576,Hammerfest,NO,7/28/2020 5:01,70.66,23.68,66.2,59,4,13.87
